Violation,Partial Order,,,,,
0231e97398e4c4aa54876ce2dbf6995f_bfdaa1e5d3fb547bcc367738823ced4b,implicit.ALL_more_soundness_than_implicit.ARRAYONLY,,,,,
02675cd9b1d17506e0f0691c7dc5a3a9_c167cc6905f08070a40daaa496572761,analyzeframeworks.TRUE_more_soundness_than_analyzeframeworks.FALSE,,,,,
038d06a023edaa3f60cf9f822271998b_1ef9d1d10bc982ab49d3b8eaf4409c05,maxcallbackspercomponent.80_more_soundness_than_maxcallbackspercomponent.50,,,,,
038d06a023edaa3f60cf9f822271998b_1ef9d1d10bc982ab49d3b8eaf4409c05,maxcallbackspercomponent.80_more_soundness_than_maxcallbackspercomponent.50,,,,,
053210625a9585c21bc94c5a72733139_c167cc6905f08070a40daaa496572761,pathalgo.SOURCESONLY_more_soundness_than_pathalgo.DEFAULT,,,,,
053210625a9585c21bc94c5a72733139_c167cc6905f08070a40daaa496572761,pathalgo.SOURCESONLY_more_soundness_than_pathalgo.DEFAULT,,,,,
084ce1cddb60d5dbb2a6d2336c3a67a6_2d1e7c91f8b7e3d233d4934dc2b78bb9,maxcallbackspercomponent.80_more_soundness_than_maxcallbackspercomponent.50,,,,,
0879dff9dd4c64b137c6c585f2d49df7_33d04b5913103c0f93de4e6e79eab87d,aplength.2_more_precision_than_aplength.1,,,,,
0879dff9dd4c64b137c6c585f2d49df7_33d04b5913103c0f93de4e6e79eab87d,aplength.2_more_soundness_than_aplength.1,,,,,
0879dff9dd4c64b137c6c585f2d49df7_fbac6bf806b9ad448f7032532aa7553c,aplength.2_more_soundness_than_aplength.3,,,,,
08ba6accdf2e50a47efa7c7c6204e94d_9e71d1dbb7f99254dd5f81811f612f41,codeelimination.NONE_more_soundness_than_codeelimination.DEFAULT,,,,,
08ccdbd09f70ba1c460751a040461503_42f615630523a7b3efc8b687d1bdc9dd,aplength.10_more_soundness_than_aplength.20,,,,,
08ccdbd09f70ba1c460751a040461503_ade15633ce9a78457a383392849eba4a,aplength.10_more_precision_than_aplength.7,,,,,
08ccdbd09f70ba1c460751a040461503_ade15633ce9a78457a383392849eba4a,aplength.10_more_soundness_than_aplength.7,,,,,
08fc095d5714b1ac5ea7127b4f270872_c167cc6905f08070a40daaa496572761,codeelimination.REMOVECODE_more_precision_than_codeelimination.DEFAULT,,,,,
08fc095d5714b1ac5ea7127b4f270872_c167cc6905f08070a40daaa496572761,codeelimination.REMOVECODE_more_soundness_than_codeelimination.DEFAULT,,,,,
0d2f0e9bf0f93b9455cd05a820790c66_c167cc6905f08070a40daaa496572761,implicit.ARRAYONLY_more_soundness_than_implicit.DEFAULT,,,,,
0e510b29b10a4c1ae43982cf41df0c11_d4aacad3a763ea4a72173bddaed1137b,maxcallbacksdepth.80_more_soundness_than_maxcallbacksdepth.50,,,,,
0f7847014ee8f4bd3699bb0fab235d47_3598af26b87729471c5487f5e6bebb07,maxcallbackspercomponent.150_more_soundness_than_maxcallbackspercomponent.120,,,,,
11ae93098ba164b2ea37aab11dde9e12_9e71d1dbb7f99254dd5f81811f612f41,pathalgo.CONTEXTINSENSITIVE_more_soundness_than_pathalgo.DEFAULT,,,,,
14a9223394f47503664d53afa99fa8e8_a510e9793442d82668ca63ea172335f8,maxcallbacksdepth.120_more_soundness_than_maxcallbacksdepth.110,,,,,
1539a64f1b06d21ee48cd99da40ab966_de4a130cd2f46f548626f890ba5fb179,maxcallbacksdepth.50_more_soundness_than_maxcallbacksdepth.1,,,,,
155d8744d91f7a6ad0580711263b4284_9e71d1dbb7f99254dd5f81811f612f41,pathalgo.SOURCESONLY_more_soundness_than_pathalgo.DEFAULT,,,,,
166efeb3dfd5e4c0856c8a11fed1c95a_a1fe8254295bdb64806f6329501bd6b7,cgalgo.VTA_more_precision_than_cgalgo.RTA,,,,,
166efeb3dfd5e4c0856c8a11fed1c95a_a1fe8254295bdb64806f6329501bd6b7,cgalgo.VTA_more_soundness_than_cgalgo.RTA,,,,,
17912d36e6eb700d466ed768d5e3b53b_f6175216ea0b010138190f1afc78909e,maxcallbacksdepth.80_more_soundness_than_maxcallbacksdepth.50,,,,,
18359206ef29ca6c3db8afbbf704a340_17912d36e6eb700d466ed768d5e3b53b,maxcallbacksdepth.90_more_soundness_than_maxcallbacksdepth.80,,,,,
18d6c8e57658ac93cbf06cb4eb04b693_6424d7b5274ef0ba0c4e68b980c3c1e1,aplength.10_more_soundness_than_aplength.20,,,,,
18d6c8e57658ac93cbf06cb4eb04b693_a566c5a6ae09d971690b56935b16dc08,aplength.10_more_precision_than_aplength.7,,,,,
18d6c8e57658ac93cbf06cb4eb04b693_a566c5a6ae09d971690b56935b16dc08,aplength.10_more_soundness_than_aplength.7,,,,,
1ba6969c93355b7830005fb4242cff30_ea94c52972095872aef6edb840d3254f,cgalgo.VTA_more_precision_than_cgalgo.RTA,,,,,
1ba6969c93355b7830005fb4242cff30_ea94c52972095872aef6edb840d3254f,cgalgo.VTA_more_soundness_than_cgalgo.RTA,,,,,
1d88982f9e87405a1230b4d960d3312a_4f6416ef3abed96bf77b064b0a1feaed,cgalgo.RTA_more_soundness_than_cgalgo.VTA,,,,,
1d88982f9e87405a1230b4d960d3312a_947ec69eab53c807c76e110d66262b3c,cgalgo.RTA_more_precision_than_cgalgo.CHA,,,,,
1d88982f9e87405a1230b4d960d3312a_947ec69eab53c807c76e110d66262b3c,cgalgo.RTA_more_soundness_than_cgalgo.CHA,,,,,
1e891d6f590b5d4724b04e5bbe5d46f1_d065265cadd8503ffa95f8f4c792c02b,maxcallbacksdepth.600_more_soundness_than_maxcallbacksdepth.150,,,,,
1ef9d1d10bc982ab49d3b8eaf4409c05_2d1e7c91f8b7e3d233d4934dc2b78bb9,pathalgo.DEFAULT_more_precision_than_pathalgo.CONTEXTINSENSITIVE,,,,,
1ef9d1d10bc982ab49d3b8eaf4409c05_2d1e7c91f8b7e3d233d4934dc2b78bb9,pathalgo.DEFAULT_more_soundness_than_pathalgo.CONTEXTINSENSITIVE,,,,,
1ef9d1d10bc982ab49d3b8eaf4409c05_3b2fa3b6cabf78f17a288ce1c8f84595,aliasalgo.DEFAULT_more_precision_than_aliasalgo.LAZY,,,,,
1ef9d1d10bc982ab49d3b8eaf4409c05_3b2fa3b6cabf78f17a288ce1c8f84595,aliasalgo.DEFAULT_more_soundness_than_aliasalgo.LAZY,,,,,
1ef9d1d10bc982ab49d3b8eaf4409c05_3d6242173b44f8d6162fbe5176ca24f0,nothischainreduction.FALSE_more_precision_than_nothischainreduction.TRUE,,,,,
1ef9d1d10bc982ab49d3b8eaf4409c05_3d6242173b44f8d6162fbe5176ca24f0,nothischainreduction.FALSE_more_soundness_than_nothischainreduction.TRUE,,,,,
1ef9d1d10bc982ab49d3b8eaf4409c05_4199c5073c04e0a75bd5aa3852b25d16,noexceptions.FALSE_more_soundness_than_noexceptions.TRUE,,,,,
1ef9d1d10bc982ab49d3b8eaf4409c05_518928fe7688064fb63eef41bb6a9b64,pathspecificresults.FALSE_more_soundness_than_pathspecificresults.TRUE,,,,,
1ef9d1d10bc982ab49d3b8eaf4409c05_545e78e139031beb740e4875588483f1,maxcallbacksdepth.-1_more_soundness_than_maxcallbacksdepth.600,,,,,
1ef9d1d10bc982ab49d3b8eaf4409c05_5f5fe760ec30cf9d955bbf820ac0951c,codeelimination.DEFAULT_more_precision_than_codeelimination.NONE,,,,,
1ef9d1d10bc982ab49d3b8eaf4409c05_5f5fe760ec30cf9d955bbf820ac0951c,codeelimination.DEFAULT_more_soundness_than_codeelimination.NONE,,,,,
1ef9d1d10bc982ab49d3b8eaf4409c05_61394065e0e2ead6a5687d92ad360828,dataflowsolver.DEFAULT_more_precision_than_dataflowsolver.FLOWINSENSITIVE,,,,,
1ef9d1d10bc982ab49d3b8eaf4409c05_61394065e0e2ead6a5687d92ad360828,dataflowsolver.DEFAULT_more_soundness_than_dataflowsolver.FLOWINSENSITIVE,,,,,
1ef9d1d10bc982ab49d3b8eaf4409c05_68b27a69abfda47b5c220998744af85f,singlejoinpointabstraction.FALSE_more_soundness_than_singlejoinpointabstraction.TRUE,,,,,
1ef9d1d10bc982ab49d3b8eaf4409c05_6ed5cea8732df8ba0d74bce1f2d23ef5,staticmode.DEFAULT_more_soundness_than_staticmode.NONE,,,,,
1ef9d1d10bc982ab49d3b8eaf4409c05_7196205eb13a717874272a12b099976f,aliasalgo.DEFAULT_more_precision_than_aliasalgo.PTSBASED,,,,,
1ef9d1d10bc982ab49d3b8eaf4409c05_7196205eb13a717874272a12b099976f,aliasalgo.DEFAULT_more_soundness_than_aliasalgo.PTSBASED,,,,,
1ef9d1d10bc982ab49d3b8eaf4409c05_7aad3d7736c9c1a6e0187944958f9ad4,aplength.5_more_precision_than_aplength.4,,,,,
1ef9d1d10bc982ab49d3b8eaf4409c05_7aad3d7736c9c1a6e0187944958f9ad4,aplength.5_more_soundness_than_aplength.4,,,,,
1ef9d1d10bc982ab49d3b8eaf4409c05_8591a3f81e4c6bf2034e389c3aacaff4,callbackanalyzer.DEFAULT_more_precision_than_callbackanalyzer.FAST,,,,,
1ef9d1d10bc982ab49d3b8eaf4409c05_8591a3f81e4c6bf2034e389c3aacaff4,callbackanalyzer.DEFAULT_more_soundness_than_callbackanalyzer.FAST,,,,,
1ef9d1d10bc982ab49d3b8eaf4409c05_8c2f49cd67cbce790bfe5e2a3cf6ad87,aliasalgo.DEFAULT_more_soundness_than_aliasalgo.NONE,,,,,
1ef9d1d10bc982ab49d3b8eaf4409c05_8c77255a979ec609590418b5c5760854,aliasflowins.FALSE_more_precision_than_aliasflowins.TRUE,,,,,
1ef9d1d10bc982ab49d3b8eaf4409c05_8c77255a979ec609590418b5c5760854,aliasflowins.FALSE_more_soundness_than_aliasflowins.TRUE,,,,,
1ef9d1d10bc982ab49d3b8eaf4409c05_a0f372f09ac6dee2f2b7e89566bc7310,onesourceatatime.FALSE_more_soundness_than_onesourceatatime.TRUE,,,,,
1ef9d1d10bc982ab49d3b8eaf4409c05_a7247cd296efcc732536a4466758a1f8,codeelimination.DEFAULT_more_soundness_than_codeelimination.REMOVECODE,,,,,
1ef9d1d10bc982ab49d3b8eaf4409c05_b09d33e60de0403a62f13b6ea21c7bf5,nostatic.FALSE_more_soundness_than_nostatic.TRUE,,,,,
1ef9d1d10bc982ab49d3b8eaf4409c05_b58dcf3c83f75b21cac022d80c0824c8,staticmode.DEFAULT_more_precision_than_staticmode.CONTEXTFLOWINSENSITIVE,,,,,
1ef9d1d10bc982ab49d3b8eaf4409c05_b58dcf3c83f75b21cac022d80c0824c8,staticmode.DEFAULT_more_soundness_than_staticmode.CONTEXTFLOWINSENSITIVE,,,,,
1ef9d1d10bc982ab49d3b8eaf4409c05_c791204389a596fa6528cb8290cf2c9b,taintwrapper.DEFAULT_more_soundness_than_taintwrapper.NONE,,,,,
1ef9d1d10bc982ab49d3b8eaf4409c05_c7cf60826cb18cb37271e2bf08123965,onecomponentatatime.FALSE_more_soundness_than_onecomponentatatime.TRUE,,,,,
1ef9d1d10bc982ab49d3b8eaf4409c05_d833e86075f45b2f1cc5fb2daafc8eef,maxcallbackspercomponent.50_more_soundness_than_maxcallbackspercomponent.1,,,,,
1ef9d1d10bc982ab49d3b8eaf4409c05_d833e86075f45b2f1cc5fb2daafc8eef,maxcallbackspercomponent.50_more_soundness_than_maxcallbackspercomponent.1,,,,,
1ef9d1d10bc982ab49d3b8eaf4409c05_dbe3ed5c4df8e5dafe1e21fb1e9f1dd9,nocallbacks.FALSE_more_soundness_than_nocallbacks.TRUE,,,,,
1ef9d1d10bc982ab49d3b8eaf4409c05_e66362e6a820dcc9950632071d5e337a,aplength.5_more_soundness_than_aplength.7,,,,,
1ef9d1d10bc982ab49d3b8eaf4409c05_f57cfd203b45364d350655a71e5734b6,pathalgo.DEFAULT_more_precision_than_pathalgo.SOURCESONLY,,,,,
1ef9d1d10bc982ab49d3b8eaf4409c05_f57cfd203b45364d350655a71e5734b6,pathalgo.DEFAULT_more_soundness_than_pathalgo.SOURCESONLY,,,,,
229790d5044f3213e8f14a9105898022_944b900fd8ad6a644f19b144c87ceda4,implicit.ALL_more_soundness_than_implicit.ARRAYONLY,,,,,
256fa37729e535d29eeea1ec2efd62c1_8104bb6b88fc60d700c3886e416f2ae9,maxcallbackspercomponent.90_more_soundness_than_maxcallbackspercomponent.80,,,,,
261344c792f6dba326380a7e5a124103_b56f9eba0516716301bb7f157e21dcfa,taintwrapper.EASY_more_soundness_than_taintwrapper.NONE,,,,,
26ecb427ba665bdb24c38529ef4e52c4_ee1a1e2cf0ee9544dcb1f244038fbba1,aplength.1_more_soundness_than_aplength.2,,,,,
29ea37dd3fee251e76d512636d738ba3_0d2f0e9bf0f93b9455cd05a820790c66,implicit.ALL_more_soundness_than_implicit.ARRAYONLY,,,,,
29ea37dd3fee251e76d512636d738ba3_91964892620be59e2aad306477d20772,aliasalgo.DEFAULT_more_soundness_than_aliasalgo.NONE,,,,,
29ea37dd3fee251e76d512636d738ba3_9e71d1dbb7f99254dd5f81811f612f41,aliasalgo.DEFAULT_more_precision_than_aliasalgo.LAZY,,,,,
29ea37dd3fee251e76d512636d738ba3_9e71d1dbb7f99254dd5f81811f612f41,aliasalgo.DEFAULT_more_soundness_than_aliasalgo.LAZY,,,,,
29ea37dd3fee251e76d512636d738ba3_aa6415eedc031f1e31338f984e25d0cd,aliasalgo.DEFAULT_more_precision_than_aliasalgo.PTSBASED,,,,,
29ea37dd3fee251e76d512636d738ba3_aa6415eedc031f1e31338f984e25d0cd,aliasalgo.DEFAULT_more_soundness_than_aliasalgo.PTSBASED,,,,,
2ad899a874034fecfd0f757a7d70db3e_c167cc6905f08070a40daaa496572761,aliasflowins.TRUE_more_soundness_than_aliasflowins.FALSE,,,,,
2ad899a874034fecfd0f757a7d70db3e_e5613aad75bc3bad53f848ba14482c54,callbackanalyzer.DEFAULT_more_precision_than_callbackanalyzer.FAST,,,,,
2ad899a874034fecfd0f757a7d70db3e_e5613aad75bc3bad53f848ba14482c54,callbackanalyzer.DEFAULT_more_soundness_than_callbackanalyzer.FAST,,,,,
2ca07b4f23217704f23c36c2ce91e14c_bf7023891eba013f19238f7baee8f814,aplength.7_more_soundness_than_aplength.10,,,,,
2ca07b4f23217704f23c36c2ce91e14c_c167cc6905f08070a40daaa496572761,aplength.7_more_precision_than_aplength.5,,,,,
2ca07b4f23217704f23c36c2ce91e14c_c167cc6905f08070a40daaa496572761,aplength.7_more_soundness_than_aplength.5,,,,,
2ce50012e8155857ce54e2be997f1253_c35ed0b7f9c3d443ecacff168d0a98c6,codeelimination.REMOVECODE_more_precision_than_codeelimination.DEFAULT,,,,,
2ce50012e8155857ce54e2be997f1253_c35ed0b7f9c3d443ecacff168d0a98c6,codeelimination.REMOVECODE_more_soundness_than_codeelimination.DEFAULT,,,,,
2d1e7c91f8b7e3d233d4934dc2b78bb9_1ef9d1d10bc982ab49d3b8eaf4409c05,pathalgo.CONTEXTINSENSITIVE_more_soundness_than_pathalgo.DEFAULT,,,,,
2d1e7c91f8b7e3d233d4934dc2b78bb9_7f3e7c21f8e1bb790dc30498723a36c1,maxcallbackspercomponent.50_more_soundness_than_maxcallbackspercomponent.1,,,,,
2d613acf6667d36885a70be5269c0f34_728daeccd5e4e2e444244997324e358c,maxcallbacksdepth.110_more_soundness_than_maxcallbacksdepth.100,,,,,
2e7e40004499adec94e4fbc8276cb8db_c167cc6905f08070a40daaa496572761,dataflowsolver.FLOWINSENSITIVE_more_soundness_than_dataflowsolver.DEFAULT,,,,,
33d04b5913103c0f93de4e6e79eab87d_0879dff9dd4c64b137c6c585f2d49df7,aplength.1_more_soundness_than_aplength.2,,,,,
343993b251fb43753da36c74eff57ca4_bf7023891eba013f19238f7baee8f814,aplength.20_more_precision_than_aplength.10,,,,,
343993b251fb43753da36c74eff57ca4_bf7023891eba013f19238f7baee8f814,aplength.20_more_soundness_than_aplength.10,,,,,
3598af26b87729471c5487f5e6bebb07_a2eded8f2dbea54d682dc0fe8a6d40b1,maxcallbackspercomponent.120_more_soundness_than_maxcallbackspercomponent.110,,,,,
39a221180f8c3d8f2d1aa325ed488fe5_b6e0326d94af6e730acbedd03ff773f7,cgalgo.CHA_more_soundness_than_cgalgo.RTA,,,,,
39c3c19b26bf570e6bd918cf35c7e096_e5613aad75bc3bad53f848ba14482c54,pathalgo.CONTEXTINSENSITIVE_more_soundness_than_pathalgo.DEFAULT,,,,,
3aa7427a5255318c7ff1426dde66cbb3_e5613aad75bc3bad53f848ba14482c54,dataflowsolver.FLOWINSENSITIVE_more_soundness_than_dataflowsolver.DEFAULT,,,,,
3b2fa3b6cabf78f17a288ce1c8f84595_1ef9d1d10bc982ab49d3b8eaf4409c05,aliasalgo.LAZY_more_soundness_than_aliasalgo.DEFAULT,,,,,
3b2fa3b6cabf78f17a288ce1c8f84595_8c2f49cd67cbce790bfe5e2a3cf6ad87,aliasalgo.LAZY_more_soundness_than_aliasalgo.NONE,,,,,
3bdc532540632f62cc2465cc964b15c2_9e71d1dbb7f99254dd5f81811f612f41,enablereflection.TRUE_more_soundness_than_enablereflection.FALSE,,,,,
3c6cd0d0cee483981c0494449b550b3e_9e71d1dbb7f99254dd5f81811f612f41,callbackanalyzer.FAST_more_soundness_than_callbackanalyzer.DEFAULT,,,,,
3d6242173b44f8d6162fbe5176ca24f0_1ef9d1d10bc982ab49d3b8eaf4409c05,nothischainreduction.TRUE_more_soundness_than_nothischainreduction.FALSE,,,,,
3fa3ced729021dfe3f9716ed7591b7f8_c167cc6905f08070a40daaa496572761,callbackanalyzer.FAST_more_soundness_than_callbackanalyzer.DEFAULT,,,,,
3fa3ced729021dfe3f9716ed7591b7f8_e5613aad75bc3bad53f848ba14482c54,aliasflowins.FALSE_more_precision_than_aliasflowins.TRUE,,,,,
3fa3ced729021dfe3f9716ed7591b7f8_e5613aad75bc3bad53f848ba14482c54,aliasflowins.FALSE_more_soundness_than_aliasflowins.TRUE,,,,,
40d89d00884787dfdd74e5c25b6e0ea3_e5613aad75bc3bad53f848ba14482c54,nothischainreduction.TRUE_more_soundness_than_nothischainreduction.FALSE,,,,,
40d9a2a13de25a2144154017be636240_489cfbd7300908def4ba6ffd50b8fc97,staticmode.CONTEXTFLOWINSENSITIVE_more_soundness_than_staticmode.NONE,,,,,
40d9a2a13de25a2144154017be636240_e5613aad75bc3bad53f848ba14482c54,staticmode.CONTEXTFLOWINSENSITIVE_more_soundness_than_staticmode.DEFAULT,,,,,
42f615630523a7b3efc8b687d1bdc9dd_08ccdbd09f70ba1c460751a040461503,aplength.20_more_precision_than_aplength.10,,,,,
42f615630523a7b3efc8b687d1bdc9dd_08ccdbd09f70ba1c460751a040461503,aplength.20_more_soundness_than_aplength.10,,,,,
436133aa7f237c0f8f93ecbfcf53862b_c167cc6905f08070a40daaa496572761,onesourceatatime.TRUE_more_precision_than_onesourceatatime.FALSE,,,,,
436133aa7f237c0f8f93ecbfcf53862b_c167cc6905f08070a40daaa496572761,onesourceatatime.TRUE_more_soundness_than_onesourceatatime.FALSE,,,,,
446dcb92f6febfc0e95cfe8082b9c950_78e826eeb454c5a8e256d36924e2c13e,maxcallbacksdepth.600_more_soundness_than_maxcallbacksdepth.150,,,,,
463bc37ea5e979b76084696c61784cb9_9e71d1dbb7f99254dd5f81811f612f41,onesourceatatime.TRUE_more_precision_than_onesourceatatime.FALSE,,,,,
463bc37ea5e979b76084696c61784cb9_9e71d1dbb7f99254dd5f81811f612f41,onesourceatatime.TRUE_more_soundness_than_onesourceatatime.FALSE,,,,,
471a3db922baaefe75df14cce9a4350e_c167cc6905f08070a40daaa496572761,staticmode.CONTEXTFLOWINSENSITIVE_more_soundness_than_staticmode.DEFAULT,,,,,
471a3db922baaefe75df14cce9a4350e_e484318f7e5c207de3d4a48a4ad759b0,staticmode.CONTEXTFLOWINSENSITIVE_more_soundness_than_staticmode.NONE,,,,,
4858ee0f237625783437c4bbc3c34c4c_b56f9eba0516716301bb7f157e21dcfa,taintwrapper.DEFAULTFALLBACK_more_soundness_than_taintwrapper.NONE,,,,,
4858ee0f237625783437c4bbc3c34c4c_e5613aad75bc3bad53f848ba14482c54,taintwrapper.DEFAULTFALLBACK_more_soundness_than_taintwrapper.DEFAULT,,,,,
48d981c961b35023bc151f2eb53f5dd1_d08d923265536cd8a97e3acd79cdec53,maxcallbacksdepth.150_more_soundness_than_maxcallbacksdepth.120,,,,,
4927839d0bfc64be8099aac544fbadfd_c35ed0b7f9c3d443ecacff168d0a98c6,callbackanalyzer.FAST_more_soundness_than_callbackanalyzer.DEFAULT,,,,,
498a7173b96a2e6c667026b3a750231a_8538bf7a72ff60760830b23834169259,maxcallbackspercomponent.600_more_soundness_than_maxcallbackspercomponent.150,,,,,
498a7173b96a2e6c667026b3a750231a_8538bf7a72ff60760830b23834169259,maxcallbackspercomponent.600_more_soundness_than_maxcallbackspercomponent.150,,,,,
4a61efa6f239057d088bb872162ffe76_c21f0c67ecf6a56aae0f2d19a04af94d,aplength.4_more_precision_than_aplength.3,,,,,
4a61efa6f239057d088bb872162ffe76_c21f0c67ecf6a56aae0f2d19a04af94d,aplength.4_more_soundness_than_aplength.3,,,,,
4a61efa6f239057d088bb872162ffe76_c35ed0b7f9c3d443ecacff168d0a98c6,aplength.4_more_soundness_than_aplength.5,,,,,
4c0c6fe648c27d413c8997188b84041b_c5c35297d03884fa5a9cfd60f62e445c,maxcallbacksdepth.120_more_soundness_than_maxcallbacksdepth.110,,,,,
4f6416ef3abed96bf77b064b0a1feaed_1d88982f9e87405a1230b4d960d3312a,cgalgo.VTA_more_precision_than_cgalgo.RTA,,,,,
4f6416ef3abed96bf77b064b0a1feaed_1d88982f9e87405a1230b4d960d3312a,cgalgo.VTA_more_soundness_than_cgalgo.RTA,,,,,
518928fe7688064fb63eef41bb6a9b64_1ef9d1d10bc982ab49d3b8eaf4409c05,pathspecificresults.TRUE_more_precision_than_pathspecificresults.FALSE,,,,,
518928fe7688064fb63eef41bb6a9b64_1ef9d1d10bc982ab49d3b8eaf4409c05,pathspecificresults.TRUE_more_soundness_than_pathspecificresults.FALSE,,,,,
5190cce420fdaa2f326b4413ad1267a1_8a55d4c77ab21f8c2e4dd654fb0aa823,maxcallbackspercomponent.90_more_soundness_than_maxcallbackspercomponent.80,,,,,
52feafb54adea1ce7062b37659f2cbed_e66362e6a820dcc9950632071d5e337a,aplength.10_more_precision_than_aplength.7,,,,,
52feafb54adea1ce7062b37659f2cbed_e66362e6a820dcc9950632071d5e337a,aplength.10_more_soundness_than_aplength.7,,,,,
52feafb54adea1ce7062b37659f2cbed_ef87836e85fb8979902cfa75211d5ab9,aplength.10_more_soundness_than_aplength.20,,,,,
545e78e139031beb740e4875588483f1_846ec69aef2e7a183452b0b1d99a05a0,maxcallbacksdepth.600_more_soundness_than_maxcallbacksdepth.150,,,,,
568682bf6e931f24e8d2b9b5b46f902f_7aad3d7736c9c1a6e0187944958f9ad4,aplength.3_more_soundness_than_aplength.4,,,,,
568682bf6e931f24e8d2b9b5b46f902f_dc3b3dace7dee61fccdd9fa77023d382,aplength.3_more_precision_than_aplength.2,,,,,
568682bf6e931f24e8d2b9b5b46f902f_dc3b3dace7dee61fccdd9fa77023d382,aplength.3_more_soundness_than_aplength.2,,,,,
576e0bfb521d81c0d8055f74da49397f_658438a6b6c56a2c875d9590fe68ba7e,aplength.7_more_soundness_than_aplength.10,,,,,
576e0bfb521d81c0d8055f74da49397f_9e71d1dbb7f99254dd5f81811f612f41,aplength.7_more_precision_than_aplength.5,,,,,
576e0bfb521d81c0d8055f74da49397f_9e71d1dbb7f99254dd5f81811f612f41,aplength.7_more_soundness_than_aplength.5,,,,,
576f28cb2fdecd79e11f6769317147e0_e5613aad75bc3bad53f848ba14482c54,codeelimination.REMOVECODE_more_precision_than_codeelimination.DEFAULT,,,,,
576f28cb2fdecd79e11f6769317147e0_e5613aad75bc3bad53f848ba14482c54,codeelimination.REMOVECODE_more_soundness_than_codeelimination.DEFAULT,,,,,
5a62f42fd6beaac467dfbc0929cebd3e_e5613aad75bc3bad53f848ba14482c54,pathalgo.SOURCESONLY_more_soundness_than_pathalgo.DEFAULT,,,,,
5a649954a36f6f2105f14414630db2b8_9e71d1dbb7f99254dd5f81811f612f41,codeelimination.REMOVECODE_more_precision_than_codeelimination.DEFAULT,,,,,
5a649954a36f6f2105f14414630db2b8_9e71d1dbb7f99254dd5f81811f612f41,codeelimination.REMOVECODE_more_soundness_than_codeelimination.DEFAULT,,,,,
5b04b28b6b5d6cd73489b765027c57b1_f6ec7b62536370c4d054958617ccde42,maxcallbackspercomponent.600_more_soundness_than_maxcallbackspercomponent.150,,,,,
5c2abed233d2263f7fde277efb2c6326_c35ed0b7f9c3d443ecacff168d0a98c6,analyzeframeworks.TRUE_more_soundness_than_analyzeframeworks.FALSE,,,,,
5cee3ef47fb0bd87bbced50593579b6d_10b650ed7579d7e98a3f384e8d1f25bc,maxcallbacksdepth.50_more_soundness_than_maxcallbacksdepth.1,,,,,
5f5fe760ec30cf9d955bbf820ac0951c_1ef9d1d10bc982ab49d3b8eaf4409c05,codeelimination.NONE_more_soundness_than_codeelimination.DEFAULT,,,,,
607ec35eb44d00467d94df062d65907a_c35ed0b7f9c3d443ecacff168d0a98c6,dataflowsolver.FLOWINSENSITIVE_more_soundness_than_dataflowsolver.DEFAULT,,,,,
60a1d89e5d2f5575b274e451ad334a12_7fcbc5ad7da024d03ebd6c12a32ea1ed,maxcallbackspercomponent.600_more_soundness_than_maxcallbackspercomponent.150,,,,,
61394065e0e2ead6a5687d92ad360828_1ef9d1d10bc982ab49d3b8eaf4409c05,dataflowsolver.FLOWINSENSITIVE_more_soundness_than_dataflowsolver.DEFAULT,,,,,
6424d7b5274ef0ba0c4e68b980c3c1e1_18d6c8e57658ac93cbf06cb4eb04b693,aplength.20_more_precision_than_aplength.10,,,,,
6424d7b5274ef0ba0c4e68b980c3c1e1_18d6c8e57658ac93cbf06cb4eb04b693,aplength.20_more_soundness_than_aplength.10,,,,,
65728c1f9c6d7262fef428b4bb01723e_c35ed0b7f9c3d443ecacff168d0a98c6,maxcallbackspercomponent.110_more_soundness_than_maxcallbackspercomponent.100,,,,,
658438a6b6c56a2c875d9590fe68ba7e_576e0bfb521d81c0d8055f74da49397f,aplength.10_more_precision_than_aplength.7,,,,,
658438a6b6c56a2c875d9590fe68ba7e_576e0bfb521d81c0d8055f74da49397f,aplength.10_more_soundness_than_aplength.7,,,,,
658438a6b6c56a2c875d9590fe68ba7e_efb8a98f3df7b271dd0e98e9e59eae71,aplength.10_more_soundness_than_aplength.20,,,,,
663028128061909fd4e00d5df8d677b0_9f20e07f80f025d7be9f7f512197f227,maxcallbacksdepth.100_more_soundness_than_maxcallbacksdepth.90,,,,,
68871fb0573d6cce22b67eab2e975190_4c0c6fe648c27d413c8997188b84041b,maxcallbacksdepth.150_more_soundness_than_maxcallbacksdepth.120,,,,,
691c8aee3c8122ba7071c39842bf3a89_9e71d1dbb7f99254dd5f81811f612f41,dataflowsolver.FLOWINSENSITIVE_more_soundness_than_dataflowsolver.DEFAULT,,,,,
6e183399f2525942e91d1fee9430f23e_e5613aad75bc3bad53f848ba14482c54,pathspecificresults.TRUE_more_precision_than_pathspecificresults.FALSE,,,,,
6e183399f2525942e91d1fee9430f23e_e5613aad75bc3bad53f848ba14482c54,pathspecificresults.TRUE_more_soundness_than_pathspecificresults.FALSE,,,,,
6e2430b679dac166de577b38f73b6ae8_18359206ef29ca6c3db8afbbf704a340,maxcallbacksdepth.100_more_soundness_than_maxcallbacksdepth.90,,,,,
709b31dbb1e1982a689309fc080ebb64_9e71d1dbb7f99254dd5f81811f612f41,maxcallbackspercomponent.110_more_soundness_than_maxcallbackspercomponent.100,,,,,
710aa5265c13ae4bad533ccb30798a01_b6e0326d94af6e730acbedd03ff773f7,cgalgo.VTA_more_precision_than_cgalgo.RTA,,,,,
710aa5265c13ae4bad533ccb30798a01_b6e0326d94af6e730acbedd03ff773f7,cgalgo.VTA_more_soundness_than_cgalgo.RTA,,,,,
7196205eb13a717874272a12b099976f_1ef9d1d10bc982ab49d3b8eaf4409c05,aliasalgo.PTSBASED_more_soundness_than_aliasalgo.DEFAULT,,,,,
7196205eb13a717874272a12b099976f_8c2f49cd67cbce790bfe5e2a3cf6ad87,aliasalgo.PTSBASED_more_soundness_than_aliasalgo.NONE,,,,,
728daeccd5e4e2e444244997324e358c_bc5cfead3624f9eced847d71ad427567,maxcallbacksdepth.100_more_soundness_than_maxcallbacksdepth.90,,,,,
72986742059c32f50bfd07c84d3f1139_74a07c11c2f0cbeb2e44a7ba6a7efb6f,maxcallbacksdepth.100_more_soundness_than_maxcallbacksdepth.90,,,,,
7321ebc1df6881e0e13c7b3ab7f4cbc0_c167cc6905f08070a40daaa496572761,enablereflection.TRUE_more_soundness_than_enablereflection.FALSE,,,,,
74518512041be47063129467a0e6b9f0_e5613aad75bc3bad53f848ba14482c54,codeelimination.NONE_more_soundness_than_codeelimination.DEFAULT,,,,,
74a07c11c2f0cbeb2e44a7ba6a7efb6f_b102982af9b4b89794ab82e4087856b4,maxcallbacksdepth.90_more_soundness_than_maxcallbacksdepth.80,,,,,
753c2fc8270e604b14e268d5aa0a4d16_c167cc6905f08070a40daaa496572761,codeelimination.NONE_more_soundness_than_codeelimination.DEFAULT,,,,,
769a167ce8d6f908d1abd156f28ae47a_bb329c8b0c8c258386bf2b800a9933ca,aplength.1_more_soundness_than_aplength.2,,,,,
76cf2b619436919a55822fcf3ebf80a0_7805b34d50b609e685d2a003de6b8119,aplength.3_more_soundness_than_aplength.4,,,,,
76cf2b619436919a55822fcf3ebf80a0_bb329c8b0c8c258386bf2b800a9933ca,aplength.3_more_precision_than_aplength.2,,,,,
76cf2b619436919a55822fcf3ebf80a0_bb329c8b0c8c258386bf2b800a9933ca,aplength.3_more_soundness_than_aplength.2,,,,,
776f2a5a7abf75874f76a5114f6d41b7_d60f0712f076ef355a4e0a8a443d3187,maxcallbacksdepth.100_more_soundness_than_maxcallbacksdepth.90,,,,,
77e9042a3cc403e0fc16b73f0926b351_c35ed0b7f9c3d443ecacff168d0a98c6,enablereflection.TRUE_more_soundness_than_enablereflection.FALSE,,,,,
7805b34d50b609e685d2a003de6b8119_76cf2b619436919a55822fcf3ebf80a0,aplength.4_more_precision_than_aplength.3,,,,,
7805b34d50b609e685d2a003de6b8119_76cf2b619436919a55822fcf3ebf80a0,aplength.4_more_soundness_than_aplength.3,,,,,
7805b34d50b609e685d2a003de6b8119_c167cc6905f08070a40daaa496572761,aplength.4_more_soundness_than_aplength.5,,,,,
78e826eeb454c5a8e256d36924e2c13e_d358b2c63389be921f2d38ed7a6b7916,maxcallbacksdepth.150_more_soundness_than_maxcallbacksdepth.120,,,,,
7a3effe40feefcec34286606c1ccec29_0f7847014ee8f4bd3699bb0fab235d47,maxcallbackspercomponent.600_more_soundness_than_maxcallbackspercomponent.150,,,,,
7aad3d7736c9c1a6e0187944958f9ad4_1ef9d1d10bc982ab49d3b8eaf4409c05,aplength.4_more_soundness_than_aplength.5,,,,,
7aad3d7736c9c1a6e0187944958f9ad4_568682bf6e931f24e8d2b9b5b46f902f,aplength.4_more_precision_than_aplength.3,,,,,
7aad3d7736c9c1a6e0187944958f9ad4_568682bf6e931f24e8d2b9b5b46f902f,aplength.4_more_soundness_than_aplength.3,,,,,
7baaab9e231dd6adfa7d2d5ed04ed0e8_42c84347476d849c5186279326650631,aliasalgo.LAZY_more_soundness_than_aliasalgo.NONE,,,,,
7baaab9e231dd6adfa7d2d5ed04ed0e8_c35ed0b7f9c3d443ecacff168d0a98c6,aliasalgo.LAZY_more_soundness_than_aliasalgo.DEFAULT,,,,,
7c6eca5339bd43220f2e569aa96da0db_9e71d1dbb7f99254dd5f81811f612f41,analyzeframeworks.TRUE_more_soundness_than_analyzeframeworks.FALSE,,,,,
7ecb901c3f909a5418fb827d51286b1d_a2e680bdbb913a92612d0af57a48ee95,maxcallbacksdepth.80_more_soundness_than_maxcallbacksdepth.50,,,,,
7fcbc5ad7da024d03ebd6c12a32ea1ed_a8f6a10fc9bddf762805bd4770f38d66,maxcallbackspercomponent.150_more_soundness_than_maxcallbackspercomponent.120,,,,,
8104bb6b88fc60d700c3886e416f2ae9_b47242a6489f3036a36a55f05793d074,maxcallbackspercomponent.80_more_soundness_than_maxcallbackspercomponent.50,,,,,
840a0ec14e7474c0c3b0bb72006c6e55_b3d8c0cae3a61abd4f375bf8ea78721c,cgalgo.VTA_more_precision_than_cgalgo.RTA,,,,,
840a0ec14e7474c0c3b0bb72006c6e55_b3d8c0cae3a61abd4f375bf8ea78721c,cgalgo.VTA_more_soundness_than_cgalgo.RTA,,,,,
846ec69aef2e7a183452b0b1d99a05a0_14a9223394f47503664d53afa99fa8e8,maxcallbacksdepth.150_more_soundness_than_maxcallbacksdepth.120,,,,,
8538bf7a72ff60760830b23834169259_cef0cd20177f656a62dc27a36d643c3a,maxcallbackspercomponent.150_more_soundness_than_maxcallbackspercomponent.120,,,,,
8538bf7a72ff60760830b23834169259_cef0cd20177f656a62dc27a36d643c3a,maxcallbackspercomponent.150_more_soundness_than_maxcallbackspercomponent.120,,,,,
8591a3f81e4c6bf2034e389c3aacaff4_1ef9d1d10bc982ab49d3b8eaf4409c05,callbackanalyzer.FAST_more_soundness_than_callbackanalyzer.DEFAULT,,,,,
8a55d4c77ab21f8c2e4dd654fb0aa823_c45a73f55509cd33b94a932e2c1e6dec,maxcallbackspercomponent.80_more_soundness_than_maxcallbackspercomponent.50,,,,,
8c1eb69cc117c307729ac97fd5f617a1_1ef9d1d10bc982ab49d3b8eaf4409c05,analyzeframeworks.TRUE_more_soundness_than_analyzeframeworks.FALSE,,,,,
8c1fcc6afd7970fe46d6d4f70ff8f4d5_65728c1f9c6d7262fef428b4bb01723e,maxcallbackspercomponent.120_more_soundness_than_maxcallbackspercomponent.110,,,,,
8c77255a979ec609590418b5c5760854_1ef9d1d10bc982ab49d3b8eaf4409c05,aliasflowins.TRUE_more_soundness_than_aliasflowins.FALSE,,,,,
8d9220ace9499d3a81eadaa6312fe988_c35ed0b7f9c3d443ecacff168d0a98c6,nothischainreduction.TRUE_more_soundness_than_nothischainreduction.FALSE,,,,,
915983ad2579a8035fa72b99b760e7f5_e5613aad75bc3bad53f848ba14482c54,implicit.ARRAYONLY_more_soundness_than_implicit.DEFAULT,,,,,
92cb23fed6c3dcfbb0fbdcb6d7db23fd_1ef9d1d10bc982ab49d3b8eaf4409c05,enablereflection.TRUE_more_soundness_than_enablereflection.FALSE,,,,,
94198d29e823bf15db8b0d98c5cf7fad_c35ed0b7f9c3d443ecacff168d0a98c6,staticmode.CONTEXTFLOWINSENSITIVE_more_soundness_than_staticmode.DEFAULT,,,,,
94198d29e823bf15db8b0d98c5cf7fad_d01cc6c7ef549cc7aec60282e0ec0858,staticmode.CONTEXTFLOWINSENSITIVE_more_soundness_than_staticmode.NONE,,,,,
944b900fd8ad6a644f19b144c87ceda4_c35ed0b7f9c3d443ecacff168d0a98c6,implicit.ARRAYONLY_more_soundness_than_implicit.DEFAULT,,,,,
947ec69eab53c807c76e110d66262b3c_1d88982f9e87405a1230b4d960d3312a,cgalgo.CHA_more_soundness_than_cgalgo.RTA,,,,,
95682e3ba9ce7d830b6f14564a4124f8_00df5dcb7fef4d77dc4e2a6f0a2056f4,aliasalgo.PTSBASED_more_soundness_than_aliasalgo.NONE,,,,,
95682e3ba9ce7d830b6f14564a4124f8_c167cc6905f08070a40daaa496572761,aliasalgo.PTSBASED_more_soundness_than_aliasalgo.DEFAULT,,,,,
98a1f6ca15fc0c80f87b116e761d3d0f_c167cc6905f08070a40daaa496572761,pathspecificresults.TRUE_more_precision_than_pathspecificresults.FALSE,,,,,
98a1f6ca15fc0c80f87b116e761d3d0f_c167cc6905f08070a40daaa496572761,pathspecificresults.TRUE_more_soundness_than_pathspecificresults.FALSE,,,,,
9ab1cc8f8a91cc50498d4513ca827ee7_c35ed0b7f9c3d443ecacff168d0a98c6,pathspecificresults.TRUE_more_precision_than_pathspecificresults.FALSE,,,,,
9ab1cc8f8a91cc50498d4513ca827ee7_c35ed0b7f9c3d443ecacff168d0a98c6,pathspecificresults.TRUE_more_soundness_than_pathspecificresults.FALSE,,,,,
9b829c53fd0e9740972894b5f52d155c_084ce1cddb60d5dbb2a6d2336c3a67a6,maxcallbackspercomponent.90_more_soundness_than_maxcallbackspercomponent.80,,,,,
9e71d1dbb7f99254dd5f81811f612f41_08ba6accdf2e50a47efa7c7c6204e94d,codeelimination.DEFAULT_more_precision_than_codeelimination.NONE,,,,,
9e71d1dbb7f99254dd5f81811f612f41_08ba6accdf2e50a47efa7c7c6204e94d,codeelimination.DEFAULT_more_soundness_than_codeelimination.NONE,,,,,
9e71d1dbb7f99254dd5f81811f612f41_11ae93098ba164b2ea37aab11dde9e12,pathalgo.DEFAULT_more_precision_than_pathalgo.CONTEXTINSENSITIVE,,,,,
9e71d1dbb7f99254dd5f81811f612f41_11ae93098ba164b2ea37aab11dde9e12,pathalgo.DEFAULT_more_soundness_than_pathalgo.CONTEXTINSENSITIVE,,,,,
9e71d1dbb7f99254dd5f81811f612f41_155d8744d91f7a6ad0580711263b4284,pathalgo.DEFAULT_more_precision_than_pathalgo.SOURCESONLY,,,,,
9e71d1dbb7f99254dd5f81811f612f41_155d8744d91f7a6ad0580711263b4284,pathalgo.DEFAULT_more_soundness_than_pathalgo.SOURCESONLY,,,,,
9e71d1dbb7f99254dd5f81811f612f41_1e891d6f590b5d4724b04e5bbe5d46f1,maxcallbacksdepth.-1_more_soundness_than_maxcallbacksdepth.600,,,,,
9e71d1dbb7f99254dd5f81811f612f41_256fa37729e535d29eeea1ec2efd62c1,maxcallbackspercomponent.100_more_soundness_than_maxcallbackspercomponent.90,,,,,
9e71d1dbb7f99254dd5f81811f612f41_29ea37dd3fee251e76d512636d738ba3,aliasalgo.LAZY_more_soundness_than_aliasalgo.DEFAULT,,,,,
9e71d1dbb7f99254dd5f81811f612f41_3c6cd0d0cee483981c0494449b550b3e,callbackanalyzer.DEFAULT_more_precision_than_callbackanalyzer.FAST,,,,,
9e71d1dbb7f99254dd5f81811f612f41_3c6cd0d0cee483981c0494449b550b3e,callbackanalyzer.DEFAULT_more_soundness_than_callbackanalyzer.FAST,,,,,
9e71d1dbb7f99254dd5f81811f612f41_455b5a41fee3f4d1e256727f07d3f3f7,taintwrapper.DEFAULT_more_soundness_than_taintwrapper.NONE,,,,,
9e71d1dbb7f99254dd5f81811f612f41_463bc37ea5e979b76084696c61784cb9,onesourceatatime.FALSE_more_soundness_than_onesourceatatime.TRUE,,,,,
9e71d1dbb7f99254dd5f81811f612f41_52fcb528325cbc1596f803b74e6c8a43,singlejoinpointabstraction.FALSE_more_soundness_than_singlejoinpointabstraction.TRUE,,,,,
9e71d1dbb7f99254dd5f81811f612f41_576e0bfb521d81c0d8055f74da49397f,aplength.5_more_soundness_than_aplength.7,,,,,
9e71d1dbb7f99254dd5f81811f612f41_592343a6a6fe5457f16f62b1b82f4373,noexceptions.FALSE_more_soundness_than_noexceptions.TRUE,,,,,
9e71d1dbb7f99254dd5f81811f612f41_5a649954a36f6f2105f14414630db2b8,codeelimination.DEFAULT_more_soundness_than_codeelimination.REMOVECODE,,,,,
9e71d1dbb7f99254dd5f81811f612f41_5f89c4b8aaa420e9b04547cae5da757c,staticmode.DEFAULT_more_soundness_than_staticmode.NONE,,,,,
9e71d1dbb7f99254dd5f81811f612f41_651ac1d2cf4823a3bcde6cb688bd8492,nostatic.FALSE_more_soundness_than_nostatic.TRUE,,,,,
9e71d1dbb7f99254dd5f81811f612f41_691c8aee3c8122ba7071c39842bf3a89,dataflowsolver.DEFAULT_more_precision_than_dataflowsolver.FLOWINSENSITIVE,,,,,
9e71d1dbb7f99254dd5f81811f612f41_691c8aee3c8122ba7071c39842bf3a89,dataflowsolver.DEFAULT_more_soundness_than_dataflowsolver.FLOWINSENSITIVE,,,,,
9e71d1dbb7f99254dd5f81811f612f41_91964892620be59e2aad306477d20772,aliasalgo.LAZY_more_soundness_than_aliasalgo.NONE,,,,,
9e71d1dbb7f99254dd5f81811f612f41_bdb85dc78c91cb1ca36e1af77d93db0c,implicit.ALL_more_soundness_than_implicit.ARRAYONLY,,,,,
9e71d1dbb7f99254dd5f81811f612f41_c12e8df26bc21a5d700ba819f9b7cd06,pathspecificresults.FALSE_more_soundness_than_pathspecificresults.TRUE,,,,,
9e71d1dbb7f99254dd5f81811f612f41_c154159437a676e5460d8903f084cc25,staticmode.DEFAULT_more_precision_than_staticmode.CONTEXTFLOWINSENSITIVE,,,,,
9e71d1dbb7f99254dd5f81811f612f41_c154159437a676e5460d8903f084cc25,staticmode.DEFAULT_more_soundness_than_staticmode.CONTEXTFLOWINSENSITIVE,,,,,
9e71d1dbb7f99254dd5f81811f612f41_c48ed364fb637d5dd1f24651f04d47f3,nocallbacks.FALSE_more_soundness_than_nocallbacks.TRUE,,,,,
9e71d1dbb7f99254dd5f81811f612f41_d49a8d04a39d75d34a7b148d0789eeee,onecomponentatatime.FALSE_more_soundness_than_onecomponentatatime.TRUE,,,,,
9e71d1dbb7f99254dd5f81811f612f41_d629f85281c434513d5b7ed733d88325,nothischainreduction.FALSE_more_precision_than_nothischainreduction.TRUE,,,,,
9e71d1dbb7f99254dd5f81811f612f41_d629f85281c434513d5b7ed733d88325,nothischainreduction.FALSE_more_soundness_than_nothischainreduction.TRUE,,,,,
9e71d1dbb7f99254dd5f81811f612f41_e21d0977bf9d58fd4494766a08f03d5c,aplength.5_more_precision_than_aplength.4,,,,,
9e71d1dbb7f99254dd5f81811f612f41_e21d0977bf9d58fd4494766a08f03d5c,aplength.5_more_soundness_than_aplength.4,,,,,
9e71d1dbb7f99254dd5f81811f612f41_e53ba6cb927e0c682c9a139a2d33e1b7,aliasflowins.FALSE_more_precision_than_aliasflowins.TRUE,,,,,
9e71d1dbb7f99254dd5f81811f612f41_e53ba6cb927e0c682c9a139a2d33e1b7,aliasflowins.FALSE_more_soundness_than_aliasflowins.TRUE,,,,,
9f20e07f80f025d7be9f7f512197f227_d76d7a76c310ec05c87c090ed5d01392,maxcallbacksdepth.90_more_soundness_than_maxcallbacksdepth.80,,,,,
a0f372f09ac6dee2f2b7e89566bc7310_1ef9d1d10bc982ab49d3b8eaf4409c05,onesourceatatime.TRUE_more_precision_than_onesourceatatime.FALSE,,,,,
a0f372f09ac6dee2f2b7e89566bc7310_1ef9d1d10bc982ab49d3b8eaf4409c05,onesourceatatime.TRUE_more_soundness_than_onesourceatatime.FALSE,,,,,
a1380aabc877c63ae14f0f704c1cb8ae_0010ef0a18892bb01f8852b01dd82619,taintwrapper.EASY_more_soundness_than_taintwrapper.NONE,,,,,
a1fe8254295bdb64806f6329501bd6b7_166efeb3dfd5e4c0856c8a11fed1c95a,cgalgo.RTA_more_soundness_than_cgalgo.VTA,,,,,
a1fe8254295bdb64806f6329501bd6b7_cbbb9a50ed64e57f383246eb9c072564,cgalgo.RTA_more_precision_than_cgalgo.CHA,,,,,
a1fe8254295bdb64806f6329501bd6b7_cbbb9a50ed64e57f383246eb9c072564,cgalgo.RTA_more_soundness_than_cgalgo.CHA,,,,,
a2e680bdbb913a92612d0af57a48ee95_b514f49aeb55564b10efa7d9c18d3403,maxcallbacksdepth.50_more_soundness_than_maxcallbacksdepth.1,,,,,
a2eded8f2dbea54d682dc0fe8a6d40b1_e5613aad75bc3bad53f848ba14482c54,maxcallbackspercomponent.110_more_soundness_than_maxcallbackspercomponent.100,,,,,
a510e9793442d82668ca63ea172335f8_776f2a5a7abf75874f76a5114f6d41b7,maxcallbacksdepth.110_more_soundness_than_maxcallbacksdepth.100,,,,,
a566c5a6ae09d971690b56935b16dc08_18d6c8e57658ac93cbf06cb4eb04b693,aplength.7_more_soundness_than_aplength.10,,,,,
a566c5a6ae09d971690b56935b16dc08_c35ed0b7f9c3d443ecacff168d0a98c6,aplength.7_more_precision_than_aplength.5,,,,,
a566c5a6ae09d971690b56935b16dc08_c35ed0b7f9c3d443ecacff168d0a98c6,aplength.7_more_soundness_than_aplength.5,,,,,
a7247cd296efcc732536a4466758a1f8_1ef9d1d10bc982ab49d3b8eaf4409c05,codeelimination.REMOVECODE_more_precision_than_codeelimination.DEFAULT,,,,,
a7247cd296efcc732536a4466758a1f8_1ef9d1d10bc982ab49d3b8eaf4409c05,codeelimination.REMOVECODE_more_soundness_than_codeelimination.DEFAULT,,,,,
a7f31a978504d34583fcc95c992ab548_dc3b3dace7dee61fccdd9fa77023d382,aplength.1_more_soundness_than_aplength.2,,,,,
a838a81a7ff63391bcfe03253fc27b8e_e5613aad75bc3bad53f848ba14482c54,analyzeframeworks.TRUE_more_soundness_than_analyzeframeworks.FALSE,,,,,
a8f6a10fc9bddf762805bd4770f38d66_709b31dbb1e1982a689309fc080ebb64,maxcallbackspercomponent.120_more_soundness_than_maxcallbackspercomponent.110,,,,,
aa6415eedc031f1e31338f984e25d0cd_29ea37dd3fee251e76d512636d738ba3,aliasalgo.PTSBASED_more_soundness_than_aliasalgo.DEFAULT,,,,,
aa6415eedc031f1e31338f984e25d0cd_91964892620be59e2aad306477d20772,aliasalgo.PTSBASED_more_soundness_than_aliasalgo.NONE,,,,,
acda6c6a81863187148453adf7324d29_68871fb0573d6cce22b67eab2e975190,maxcallbacksdepth.600_more_soundness_than_maxcallbacksdepth.150,,,,,
ade15633ce9a78457a383392849eba4a_08ccdbd09f70ba1c460751a040461503,aplength.7_more_soundness_than_aplength.10,,,,,
ade15633ce9a78457a383392849eba4a_e5613aad75bc3bad53f848ba14482c54,aplength.7_more_precision_than_aplength.5,,,,,
ade15633ce9a78457a383392849eba4a_e5613aad75bc3bad53f848ba14482c54,aplength.7_more_soundness_than_aplength.5,,,,,
b0b1405175504acad8e94d9470e60b61_915983ad2579a8035fa72b99b760e7f5,implicit.ALL_more_soundness_than_implicit.ARRAYONLY,,,,,
b102982af9b4b89794ab82e4087856b4_1539a64f1b06d21ee48cd99da40ab966,maxcallbacksdepth.80_more_soundness_than_maxcallbacksdepth.50,,,,,
b113be2d9166c32182a638bbebda617a_00df5dcb7fef4d77dc4e2a6f0a2056f4,aliasalgo.LAZY_more_soundness_than_aliasalgo.NONE,,,,,
b113be2d9166c32182a638bbebda617a_c167cc6905f08070a40daaa496572761,aliasalgo.LAZY_more_soundness_than_aliasalgo.DEFAULT,,,,,
b3d8c0cae3a61abd4f375bf8ea78721c_840a0ec14e7474c0c3b0bb72006c6e55,cgalgo.RTA_more_soundness_than_cgalgo.VTA,,,,,
b3d8c0cae3a61abd4f375bf8ea78721c_dca34143f9ffc3a5317b7c3ac7df1fce,cgalgo.RTA_more_precision_than_cgalgo.CHA,,,,,
b3d8c0cae3a61abd4f375bf8ea78721c_dca34143f9ffc3a5317b7c3ac7df1fce,cgalgo.RTA_more_soundness_than_cgalgo.CHA,,,,,
b47242a6489f3036a36a55f05793d074_39d62d5a2debcf02eb48cb33f45766e3,maxcallbackspercomponent.50_more_soundness_than_maxcallbackspercomponent.1,,,,,
b58dcf3c83f75b21cac022d80c0824c8_1ef9d1d10bc982ab49d3b8eaf4409c05,staticmode.CONTEXTFLOWINSENSITIVE_more_soundness_than_staticmode.DEFAULT,,,,,
b58dcf3c83f75b21cac022d80c0824c8_6ed5cea8732df8ba0d74bce1f2d23ef5,staticmode.CONTEXTFLOWINSENSITIVE_more_soundness_than_staticmode.NONE,,,,,
b66aee1973252432eb7be1150a139fe9_0010ef0a18892bb01f8852b01dd82619,taintwrapper.DEFAULTFALLBACK_more_soundness_than_taintwrapper.NONE,,,,,
b66aee1973252432eb7be1150a139fe9_c167cc6905f08070a40daaa496572761,taintwrapper.DEFAULTFALLBACK_more_soundness_than_taintwrapper.DEFAULT,,,,,
b6e0326d94af6e730acbedd03ff773f7_39a221180f8c3d8f2d1aa325ed488fe5,cgalgo.RTA_more_precision_than_cgalgo.CHA,,,,,
b6e0326d94af6e730acbedd03ff773f7_39a221180f8c3d8f2d1aa325ed488fe5,cgalgo.RTA_more_soundness_than_cgalgo.CHA,,,,,
b6e0326d94af6e730acbedd03ff773f7_710aa5265c13ae4bad533ccb30798a01,cgalgo.RTA_more_soundness_than_cgalgo.VTA,,,,,
bb329c8b0c8c258386bf2b800a9933ca_769a167ce8d6f908d1abd156f28ae47a,aplength.2_more_precision_than_aplength.1,,,,,
bb329c8b0c8c258386bf2b800a9933ca_769a167ce8d6f908d1abd156f28ae47a,aplength.2_more_soundness_than_aplength.1,,,,,
bb329c8b0c8c258386bf2b800a9933ca_76cf2b619436919a55822fcf3ebf80a0,aplength.2_more_soundness_than_aplength.3,,,,,
bc4a74b2a68d07883bb33d27a8447f59_663028128061909fd4e00d5df8d677b0,maxcallbacksdepth.110_more_soundness_than_maxcallbacksdepth.100,,,,,
bc5cfead3624f9eced847d71ad427567_7ecb901c3f909a5418fb827d51286b1d,maxcallbacksdepth.90_more_soundness_than_maxcallbacksdepth.80,,,,,
bdb85dc78c91cb1ca36e1af77d93db0c_b113be2d9166c32182a638bbebda617a,implicit.ARRAYONLY_more_soundness_than_implicit.DEFAULT,,,,,
bf7023891eba013f19238f7baee8f814_2ca07b4f23217704f23c36c2ce91e14c,aplength.10_more_precision_than_aplength.7,,,,,
bf7023891eba013f19238f7baee8f814_2ca07b4f23217704f23c36c2ce91e14c,aplength.10_more_soundness_than_aplength.7,,,,,
bf7023891eba013f19238f7baee8f814_343993b251fb43753da36c74eff57ca4,aplength.10_more_soundness_than_aplength.20,,,,,
bfdaa1e5d3fb547bcc367738823ced4b_1ef9d1d10bc982ab49d3b8eaf4409c05,implicit.ARRAYONLY_more_soundness_than_implicit.DEFAULT,,,,,
c12e8df26bc21a5d700ba819f9b7cd06_9e71d1dbb7f99254dd5f81811f612f41,pathspecificresults.TRUE_more_precision_than_pathspecificresults.FALSE,,,,,
c12e8df26bc21a5d700ba819f9b7cd06_9e71d1dbb7f99254dd5f81811f612f41,pathspecificresults.TRUE_more_soundness_than_pathspecificresults.FALSE,,,,,
c154159437a676e5460d8903f084cc25_5f89c4b8aaa420e9b04547cae5da757c,staticmode.CONTEXTFLOWINSENSITIVE_more_soundness_than_staticmode.NONE,,,,,
c154159437a676e5460d8903f084cc25_9e71d1dbb7f99254dd5f81811f612f41,staticmode.CONTEXTFLOWINSENSITIVE_more_soundness_than_staticmode.DEFAULT,,,,,
c167cc6905f08070a40daaa496572761_0010ef0a18892bb01f8852b01dd82619,taintwrapper.DEFAULT_more_soundness_than_taintwrapper.NONE,,,,,
c167cc6905f08070a40daaa496572761_00df5dcb7fef4d77dc4e2a6f0a2056f4,aliasalgo.DEFAULT_more_soundness_than_aliasalgo.NONE,,,,,
c167cc6905f08070a40daaa496572761_053210625a9585c21bc94c5a72733139,pathalgo.DEFAULT_more_precision_than_pathalgo.SOURCESONLY,,,,,
c167cc6905f08070a40daaa496572761_053210625a9585c21bc94c5a72733139,pathalgo.DEFAULT_more_precision_than_pathalgo.SOURCESONLY,,,,,
c167cc6905f08070a40daaa496572761_053210625a9585c21bc94c5a72733139,pathalgo.DEFAULT_more_soundness_than_pathalgo.SOURCESONLY,,,,,
c167cc6905f08070a40daaa496572761_053210625a9585c21bc94c5a72733139,pathalgo.DEFAULT_more_soundness_than_pathalgo.SOURCESONLY,,,,,
c167cc6905f08070a40daaa496572761_08fc095d5714b1ac5ea7127b4f270872,codeelimination.DEFAULT_more_soundness_than_codeelimination.REMOVECODE,,,,,
c167cc6905f08070a40daaa496572761_2ad899a874034fecfd0f757a7d70db3e,aliasflowins.FALSE_more_precision_than_aliasflowins.TRUE,,,,,
c167cc6905f08070a40daaa496572761_2ad899a874034fecfd0f757a7d70db3e,aliasflowins.FALSE_more_soundness_than_aliasflowins.TRUE,,,,,
c167cc6905f08070a40daaa496572761_2ca07b4f23217704f23c36c2ce91e14c,aplength.5_more_soundness_than_aplength.7,,,,,
c167cc6905f08070a40daaa496572761_2e7e40004499adec94e4fbc8276cb8db,dataflowsolver.DEFAULT_more_precision_than_dataflowsolver.FLOWINSENSITIVE,,,,,
c167cc6905f08070a40daaa496572761_2e7e40004499adec94e4fbc8276cb8db,dataflowsolver.DEFAULT_more_soundness_than_dataflowsolver.FLOWINSENSITIVE,,,,,
c167cc6905f08070a40daaa496572761_3fa3ced729021dfe3f9716ed7591b7f8,callbackanalyzer.DEFAULT_more_precision_than_callbackanalyzer.FAST,,,,,
c167cc6905f08070a40daaa496572761_3fa3ced729021dfe3f9716ed7591b7f8,callbackanalyzer.DEFAULT_more_soundness_than_callbackanalyzer.FAST,,,,,
c167cc6905f08070a40daaa496572761_436133aa7f237c0f8f93ecbfcf53862b,onesourceatatime.FALSE_more_soundness_than_onesourceatatime.TRUE,,,,,
c167cc6905f08070a40daaa496572761_471a3db922baaefe75df14cce9a4350e,staticmode.DEFAULT_more_precision_than_staticmode.CONTEXTFLOWINSENSITIVE,,,,,
c167cc6905f08070a40daaa496572761_471a3db922baaefe75df14cce9a4350e,staticmode.DEFAULT_more_soundness_than_staticmode.CONTEXTFLOWINSENSITIVE,,,,,
c167cc6905f08070a40daaa496572761_753c2fc8270e604b14e268d5aa0a4d16,codeelimination.DEFAULT_more_precision_than_codeelimination.NONE,,,,,
c167cc6905f08070a40daaa496572761_753c2fc8270e604b14e268d5aa0a4d16,codeelimination.DEFAULT_more_soundness_than_codeelimination.NONE,,,,,
c167cc6905f08070a40daaa496572761_7805b34d50b609e685d2a003de6b8119,aplength.5_more_precision_than_aplength.4,,,,,
c167cc6905f08070a40daaa496572761_7805b34d50b609e685d2a003de6b8119,aplength.5_more_soundness_than_aplength.4,,,,,
c167cc6905f08070a40daaa496572761_918eab1479f2034a855e77468fb5fad1,noexceptions.FALSE_more_soundness_than_noexceptions.TRUE,,,,,
c167cc6905f08070a40daaa496572761_95682e3ba9ce7d830b6f14564a4124f8,aliasalgo.DEFAULT_more_precision_than_aliasalgo.PTSBASED,,,,,
c167cc6905f08070a40daaa496572761_95682e3ba9ce7d830b6f14564a4124f8,aliasalgo.DEFAULT_more_soundness_than_aliasalgo.PTSBASED,,,,,
c167cc6905f08070a40daaa496572761_9590145755a346a6dffa302ed8dd74c0,onecomponentatatime.FALSE_more_soundness_than_onecomponentatatime.TRUE,,,,,
c167cc6905f08070a40daaa496572761_98a1f6ca15fc0c80f87b116e761d3d0f,pathspecificresults.FALSE_more_soundness_than_pathspecificresults.TRUE,,,,,
c167cc6905f08070a40daaa496572761_9b7992b29f22130c03c7f3175a0ac39a,nocallbacks.FALSE_more_soundness_than_nocallbacks.TRUE,,,,,
c167cc6905f08070a40daaa496572761_acda6c6a81863187148453adf7324d29,maxcallbacksdepth.-1_more_soundness_than_maxcallbacksdepth.600,,,,,
c167cc6905f08070a40daaa496572761_b113be2d9166c32182a638bbebda617a,aliasalgo.DEFAULT_more_precision_than_aliasalgo.LAZY,,,,,
c167cc6905f08070a40daaa496572761_b113be2d9166c32182a638bbebda617a,aliasalgo.DEFAULT_more_soundness_than_aliasalgo.LAZY,,,,,
c167cc6905f08070a40daaa496572761_bf31450a16af8990d40c712af30e9398,nostatic.FALSE_more_soundness_than_nostatic.TRUE,,,,,
c167cc6905f08070a40daaa496572761_c35ed0b7f9c3d443ecacff168d0a98c6,pathalgo.DEFAULT_more_precision_than_pathalgo.CONTEXTINSENSITIVE,,,,,
c167cc6905f08070a40daaa496572761_c35ed0b7f9c3d443ecacff168d0a98c6,pathalgo.DEFAULT_more_precision_than_pathalgo.CONTEXTINSENSITIVE,,,,,
c167cc6905f08070a40daaa496572761_c35ed0b7f9c3d443ecacff168d0a98c6,pathalgo.DEFAULT_more_soundness_than_pathalgo.CONTEXTINSENSITIVE,,,,,
c167cc6905f08070a40daaa496572761_c35ed0b7f9c3d443ecacff168d0a98c6,pathalgo.DEFAULT_more_soundness_than_pathalgo.CONTEXTINSENSITIVE,,,,,
c167cc6905f08070a40daaa496572761_e438f7ac379071aa3efea983b260ead2,maxcallbackspercomponent.100_more_soundness_than_maxcallbackspercomponent.90,,,,,
c167cc6905f08070a40daaa496572761_e438f7ac379071aa3efea983b260ead2,maxcallbackspercomponent.100_more_soundness_than_maxcallbackspercomponent.90,,,,,
c167cc6905f08070a40daaa496572761_e484318f7e5c207de3d4a48a4ad759b0,staticmode.DEFAULT_more_soundness_than_staticmode.NONE,,,,,
c167cc6905f08070a40daaa496572761_e98eda3ca8903e471176f88f0d525b26,singlejoinpointabstraction.FALSE_more_soundness_than_singlejoinpointabstraction.TRUE,,,,,
c167cc6905f08070a40daaa496572761_f1ff0eb010a92ca8e83a795537d11f57,nothischainreduction.FALSE_more_precision_than_nothischainreduction.TRUE,,,,,
c167cc6905f08070a40daaa496572761_f1ff0eb010a92ca8e83a795537d11f57,nothischainreduction.FALSE_more_soundness_than_nothischainreduction.TRUE,,,,,
c21f0c67ecf6a56aae0f2d19a04af94d_4a61efa6f239057d088bb872162ffe76,aplength.3_more_soundness_than_aplength.4,,,,,
c21f0c67ecf6a56aae0f2d19a04af94d_ee1a1e2cf0ee9544dcb1f244038fbba1,aplength.3_more_precision_than_aplength.2,,,,,
c21f0c67ecf6a56aae0f2d19a04af94d_ee1a1e2cf0ee9544dcb1f244038fbba1,aplength.3_more_soundness_than_aplength.2,,,,,
c2fb596f3658668139e936f83c2d07ad_c791204389a596fa6528cb8290cf2c9b,taintwrapper.EASY_more_soundness_than_taintwrapper.NONE,,,,,
c35ed0b7f9c3d443ecacff168d0a98c6_2ce50012e8155857ce54e2be997f1253,codeelimination.DEFAULT_more_soundness_than_codeelimination.REMOVECODE,,,,,
c35ed0b7f9c3d443ecacff168d0a98c6_42c84347476d849c5186279326650631,aliasalgo.DEFAULT_more_soundness_than_aliasalgo.NONE,,,,,
c35ed0b7f9c3d443ecacff168d0a98c6_446dcb92f6febfc0e95cfe8082b9c950,maxcallbacksdepth.-1_more_soundness_than_maxcallbacksdepth.600,,,,,
c35ed0b7f9c3d443ecacff168d0a98c6_4927839d0bfc64be8099aac544fbadfd,callbackanalyzer.DEFAULT_more_precision_than_callbackanalyzer.FAST,,,,,
c35ed0b7f9c3d443ecacff168d0a98c6_4927839d0bfc64be8099aac544fbadfd,callbackanalyzer.DEFAULT_more_soundness_than_callbackanalyzer.FAST,,,,,
c35ed0b7f9c3d443ecacff168d0a98c6_4a61efa6f239057d088bb872162ffe76,aplength.5_more_precision_than_aplength.4,,,,,
c35ed0b7f9c3d443ecacff168d0a98c6_4a61efa6f239057d088bb872162ffe76,aplength.5_more_soundness_than_aplength.4,,,,,
c35ed0b7f9c3d443ecacff168d0a98c6_59ef50ee43d2fcf1d6700ef799affadf,noexceptions.FALSE_more_soundness_than_noexceptions.TRUE,,,,,
c35ed0b7f9c3d443ecacff168d0a98c6_5befe0d0b1f1965cacbeb017b2f13bb1,nocallbacks.FALSE_more_soundness_than_nocallbacks.TRUE,,,,,
c35ed0b7f9c3d443ecacff168d0a98c6_607ec35eb44d00467d94df062d65907a,dataflowsolver.DEFAULT_more_precision_than_dataflowsolver.FLOWINSENSITIVE,,,,,
c35ed0b7f9c3d443ecacff168d0a98c6_607ec35eb44d00467d94df062d65907a,dataflowsolver.DEFAULT_more_soundness_than_dataflowsolver.FLOWINSENSITIVE,,,,,
c35ed0b7f9c3d443ecacff168d0a98c6_7baaab9e231dd6adfa7d2d5ed04ed0e8,aliasalgo.DEFAULT_more_precision_than_aliasalgo.LAZY,,,,,
c35ed0b7f9c3d443ecacff168d0a98c6_7baaab9e231dd6adfa7d2d5ed04ed0e8,aliasalgo.DEFAULT_more_soundness_than_aliasalgo.LAZY,,,,,
c35ed0b7f9c3d443ecacff168d0a98c6_8d9220ace9499d3a81eadaa6312fe988,nothischainreduction.FALSE_more_precision_than_nothischainreduction.TRUE,,,,,
c35ed0b7f9c3d443ecacff168d0a98c6_8d9220ace9499d3a81eadaa6312fe988,nothischainreduction.FALSE_more_soundness_than_nothischainreduction.TRUE,,,,,
c35ed0b7f9c3d443ecacff168d0a98c6_94198d29e823bf15db8b0d98c5cf7fad,staticmode.DEFAULT_more_precision_than_staticmode.CONTEXTFLOWINSENSITIVE,,,,,
c35ed0b7f9c3d443ecacff168d0a98c6_94198d29e823bf15db8b0d98c5cf7fad,staticmode.DEFAULT_more_soundness_than_staticmode.CONTEXTFLOWINSENSITIVE,,,,,
c35ed0b7f9c3d443ecacff168d0a98c6_9ab1cc8f8a91cc50498d4513ca827ee7,pathspecificresults.FALSE_more_soundness_than_pathspecificresults.TRUE,,,,,
c35ed0b7f9c3d443ecacff168d0a98c6_9b829c53fd0e9740972894b5f52d155c,maxcallbackspercomponent.100_more_soundness_than_maxcallbackspercomponent.90,,,,,
c35ed0b7f9c3d443ecacff168d0a98c6_a566c5a6ae09d971690b56935b16dc08,aplength.5_more_soundness_than_aplength.7,,,,,
c35ed0b7f9c3d443ecacff168d0a98c6_c167cc6905f08070a40daaa496572761,pathalgo.CONTEXTINSENSITIVE_more_soundness_than_pathalgo.DEFAULT,,,,,
c35ed0b7f9c3d443ecacff168d0a98c6_c167cc6905f08070a40daaa496572761,pathalgo.CONTEXTINSENSITIVE_more_soundness_than_pathalgo.DEFAULT,,,,,
c35ed0b7f9c3d443ecacff168d0a98c6_c428ab5f184d796b88866f07b6e2fa38,taintwrapper.DEFAULT_more_soundness_than_taintwrapper.NONE,,,,,
c35ed0b7f9c3d443ecacff168d0a98c6_c519166c39771219a3d7280b249bfa53,aliasflowins.FALSE_more_precision_than_aliasflowins.TRUE,,,,,
c35ed0b7f9c3d443ecacff168d0a98c6_c519166c39771219a3d7280b249bfa53,aliasflowins.FALSE_more_soundness_than_aliasflowins.TRUE,,,,,
c35ed0b7f9c3d443ecacff168d0a98c6_c7c7048218941b733470ac974aa85876,nostatic.FALSE_more_soundness_than_nostatic.TRUE,,,,,
c35ed0b7f9c3d443ecacff168d0a98c6_cfd95fd0a60d05e28f68af32281dcb9d,aliasalgo.DEFAULT_more_precision_than_aliasalgo.PTSBASED,,,,,
c35ed0b7f9c3d443ecacff168d0a98c6_cfd95fd0a60d05e28f68af32281dcb9d,aliasalgo.DEFAULT_more_soundness_than_aliasalgo.PTSBASED,,,,,
c35ed0b7f9c3d443ecacff168d0a98c6_d01cc6c7ef549cc7aec60282e0ec0858,staticmode.DEFAULT_more_soundness_than_staticmode.NONE,,,,,
c35ed0b7f9c3d443ecacff168d0a98c6_ea61e6b4d4aa2c39944b3f5df6f7d6c2,onecomponentatatime.FALSE_more_soundness_than_onecomponentatatime.TRUE,,,,,
c35ed0b7f9c3d443ecacff168d0a98c6_eb1d88b881ba723fcd805f8883679725,onesourceatatime.FALSE_more_soundness_than_onesourceatatime.TRUE,,,,,
c35ed0b7f9c3d443ecacff168d0a98c6_f60bc06e07f54bb52761a354e0c9d64d,singlejoinpointabstraction.FALSE_more_soundness_than_singlejoinpointabstraction.TRUE,,,,,
c35ed0b7f9c3d443ecacff168d0a98c6_f8b61c54c9120bde506ee3ea0afa9cdb,codeelimination.DEFAULT_more_precision_than_codeelimination.NONE,,,,,
c35ed0b7f9c3d443ecacff168d0a98c6_f8b61c54c9120bde506ee3ea0afa9cdb,codeelimination.DEFAULT_more_soundness_than_codeelimination.NONE,,,,,
c45a73f55509cd33b94a932e2c1e6dec_835daa725a02c50f9de1bfe1af093c86,maxcallbackspercomponent.50_more_soundness_than_maxcallbackspercomponent.1,,,,,
c519166c39771219a3d7280b249bfa53_c35ed0b7f9c3d443ecacff168d0a98c6,aliasflowins.TRUE_more_soundness_than_aliasflowins.FALSE,,,,,
c59167715f1aa44341707631a416c074_c428ab5f184d796b88866f07b6e2fa38,taintwrapper.EASY_more_soundness_than_taintwrapper.NONE,,,,,
c5c35297d03884fa5a9cfd60f62e445c_6e2430b679dac166de577b38f73b6ae8,maxcallbacksdepth.110_more_soundness_than_maxcallbacksdepth.100,,,,,
c6553f81fb907a7da0655f468b0ced40_48d981c961b35023bc151f2eb53f5dd1,maxcallbacksdepth.600_more_soundness_than_maxcallbacksdepth.150,,,,,
c911afc6bdec9ceb725e0c5526db6684_dfee859627654c45aea850e4b8a49ffe,aplength.3_more_precision_than_aplength.2,,,,,
c911afc6bdec9ceb725e0c5526db6684_dfee859627654c45aea850e4b8a49ffe,aplength.3_more_soundness_than_aplength.2,,,,,
c911afc6bdec9ceb725e0c5526db6684_eca0bca8e7f8be7612a7456f5a1f68ba,aplength.3_more_soundness_than_aplength.4,,,,,
ca56131a7c713fed2a7fb88ee3d7603c_22562e10e3112e5c53f176bb1d80413c,aliasalgo.LAZY_more_soundness_than_aliasalgo.NONE,,,,,
ca56131a7c713fed2a7fb88ee3d7603c_e5613aad75bc3bad53f848ba14482c54,aliasalgo.LAZY_more_soundness_than_aliasalgo.DEFAULT,,,,,
cbbb9a50ed64e57f383246eb9c072564_a1fe8254295bdb64806f6329501bd6b7,cgalgo.CHA_more_soundness_than_cgalgo.RTA,,,,,
cc9e7ffbe665e7eb3d6c1c172571b05e_e5613aad75bc3bad53f848ba14482c54,enablereflection.TRUE_more_soundness_than_enablereflection.FALSE,,,,,
cdec05948112d53d7005a5f0e9690fc7_c167cc6905f08070a40daaa496572761,maxcallbackspercomponent.110_more_soundness_than_maxcallbackspercomponent.100,,,,,
cdec05948112d53d7005a5f0e9690fc7_c167cc6905f08070a40daaa496572761,maxcallbackspercomponent.110_more_soundness_than_maxcallbackspercomponent.100,,,,,
cef0cd20177f656a62dc27a36d643c3a_cdec05948112d53d7005a5f0e9690fc7,maxcallbackspercomponent.120_more_soundness_than_maxcallbackspercomponent.110,,,,,
cef0cd20177f656a62dc27a36d643c3a_cdec05948112d53d7005a5f0e9690fc7,maxcallbackspercomponent.120_more_soundness_than_maxcallbackspercomponent.110,,,,,
cfd95fd0a60d05e28f68af32281dcb9d_42c84347476d849c5186279326650631,aliasalgo.PTSBASED_more_soundness_than_aliasalgo.NONE,,,,,
cfd95fd0a60d05e28f68af32281dcb9d_c35ed0b7f9c3d443ecacff168d0a98c6,aliasalgo.PTSBASED_more_soundness_than_aliasalgo.DEFAULT,,,,,
d065265cadd8503ffa95f8f4c792c02b_fdee4b39feffd6d3e5aeec757c0a8465,maxcallbacksdepth.150_more_soundness_than_maxcallbacksdepth.120,,,,,
d08d923265536cd8a97e3acd79cdec53_2d613acf6667d36885a70be5269c0f34,maxcallbacksdepth.120_more_soundness_than_maxcallbacksdepth.110,,,,,
d227269aba2efc466eec2fd7b77dec61_e5613aad75bc3bad53f848ba14482c54,onesourceatatime.TRUE_more_precision_than_onesourceatatime.FALSE,,,,,
d227269aba2efc466eec2fd7b77dec61_e5613aad75bc3bad53f848ba14482c54,onesourceatatime.TRUE_more_soundness_than_onesourceatatime.FALSE,,,,,
d358b2c63389be921f2d38ed7a6b7916_fa8bb756d74e064b705579571680c9f2,maxcallbacksdepth.120_more_soundness_than_maxcallbacksdepth.110,,,,,
d4aacad3a763ea4a72173bddaed1137b_0806b5a3bb66ed7a15d70b531e5a73b6,maxcallbacksdepth.50_more_soundness_than_maxcallbacksdepth.1,,,,,
d60f0712f076ef355a4e0a8a443d3187_0e510b29b10a4c1ae43982cf41df0c11,maxcallbacksdepth.90_more_soundness_than_maxcallbacksdepth.80,,,,,
d629f85281c434513d5b7ed733d88325_9e71d1dbb7f99254dd5f81811f612f41,nothischainreduction.TRUE_more_soundness_than_nothischainreduction.FALSE,,,,,
d76d7a76c310ec05c87c090ed5d01392_5cee3ef47fb0bd87bbced50593579b6d,maxcallbacksdepth.80_more_soundness_than_maxcallbacksdepth.50,,,,,
dc3b3dace7dee61fccdd9fa77023d382_568682bf6e931f24e8d2b9b5b46f902f,aplength.2_more_soundness_than_aplength.3,,,,,
dc3b3dace7dee61fccdd9fa77023d382_a7f31a978504d34583fcc95c992ab548,aplength.2_more_precision_than_aplength.1,,,,,
dc3b3dace7dee61fccdd9fa77023d382_a7f31a978504d34583fcc95c992ab548,aplength.2_more_soundness_than_aplength.1,,,,,
dca34143f9ffc3a5317b7c3ac7df1fce_b3d8c0cae3a61abd4f375bf8ea78721c,cgalgo.CHA_more_soundness_than_cgalgo.RTA,,,,,
de67f959377c84f91410206a10b57495_22562e10e3112e5c53f176bb1d80413c,aliasalgo.PTSBASED_more_soundness_than_aliasalgo.NONE,,,,,
de67f959377c84f91410206a10b57495_e5613aad75bc3bad53f848ba14482c54,aliasalgo.PTSBASED_more_soundness_than_aliasalgo.DEFAULT,,,,,
deff008c3e97a553e3156dae1439858c_1ef9d1d10bc982ab49d3b8eaf4409c05,taintwrapper.DEFAULTFALLBACK_more_soundness_than_taintwrapper.DEFAULT,,,,,
deff008c3e97a553e3156dae1439858c_c791204389a596fa6528cb8290cf2c9b,taintwrapper.DEFAULTFALLBACK_more_soundness_than_taintwrapper.NONE,,,,,
dfee859627654c45aea850e4b8a49ffe_c911afc6bdec9ceb725e0c5526db6684,aplength.2_more_soundness_than_aplength.3,,,,,
dfee859627654c45aea850e4b8a49ffe_eb5c9a72d217659ea6000edc91a6762f,aplength.2_more_precision_than_aplength.1,,,,,
dfee859627654c45aea850e4b8a49ffe_eb5c9a72d217659ea6000edc91a6762f,aplength.2_more_soundness_than_aplength.1,,,,,
e05bc9f4bf5f85b086a9deeeacc1e9f2_c35ed0b7f9c3d443ecacff168d0a98c6,taintwrapper.DEFAULTFALLBACK_more_soundness_than_taintwrapper.DEFAULT,,,,,
e05bc9f4bf5f85b086a9deeeacc1e9f2_c428ab5f184d796b88866f07b6e2fa38,taintwrapper.DEFAULTFALLBACK_more_soundness_than_taintwrapper.NONE,,,,,
e21d0977bf9d58fd4494766a08f03d5c_9e71d1dbb7f99254dd5f81811f612f41,aplength.4_more_soundness_than_aplength.5,,,,,
e21d0977bf9d58fd4494766a08f03d5c_fbac6bf806b9ad448f7032532aa7553c,aplength.4_more_precision_than_aplength.3,,,,,
e21d0977bf9d58fd4494766a08f03d5c_fbac6bf806b9ad448f7032532aa7553c,aplength.4_more_soundness_than_aplength.3,,,,,
e40eaaf4447b11332912f99d4822aa46_ea94c52972095872aef6edb840d3254f,cgalgo.CHA_more_soundness_than_cgalgo.RTA,,,,,
e438f7ac379071aa3efea983b260ead2_038d06a023edaa3f60cf9f822271998b,maxcallbackspercomponent.90_more_soundness_than_maxcallbackspercomponent.80,,,,,
e438f7ac379071aa3efea983b260ead2_038d06a023edaa3f60cf9f822271998b,maxcallbackspercomponent.90_more_soundness_than_maxcallbackspercomponent.80,,,,,
e53ba6cb927e0c682c9a139a2d33e1b7_9e71d1dbb7f99254dd5f81811f612f41,aliasflowins.TRUE_more_soundness_than_aliasflowins.FALSE,,,,,
e5613aad75bc3bad53f848ba14482c54_22562e10e3112e5c53f176bb1d80413c,aliasalgo.DEFAULT_more_soundness_than_aliasalgo.NONE,,,,,
e5613aad75bc3bad53f848ba14482c54_2ad899a874034fecfd0f757a7d70db3e,callbackanalyzer.FAST_more_soundness_than_callbackanalyzer.DEFAULT,,,,,
e5613aad75bc3bad53f848ba14482c54_39c3c19b26bf570e6bd918cf35c7e096,pathalgo.DEFAULT_more_precision_than_pathalgo.CONTEXTINSENSITIVE,,,,,
e5613aad75bc3bad53f848ba14482c54_39c3c19b26bf570e6bd918cf35c7e096,pathalgo.DEFAULT_more_soundness_than_pathalgo.CONTEXTINSENSITIVE,,,,,
e5613aad75bc3bad53f848ba14482c54_3aa7427a5255318c7ff1426dde66cbb3,dataflowsolver.DEFAULT_more_precision_than_dataflowsolver.FLOWINSENSITIVE,,,,,
e5613aad75bc3bad53f848ba14482c54_3aa7427a5255318c7ff1426dde66cbb3,dataflowsolver.DEFAULT_more_soundness_than_dataflowsolver.FLOWINSENSITIVE,,,,,
e5613aad75bc3bad53f848ba14482c54_3fa3ced729021dfe3f9716ed7591b7f8,aliasflowins.TRUE_more_soundness_than_aliasflowins.FALSE,,,,,
e5613aad75bc3bad53f848ba14482c54_40d89d00884787dfdd74e5c25b6e0ea3,nothischainreduction.FALSE_more_precision_than_nothischainreduction.TRUE,,,,,
e5613aad75bc3bad53f848ba14482c54_40d89d00884787dfdd74e5c25b6e0ea3,nothischainreduction.FALSE_more_soundness_than_nothischainreduction.TRUE,,,,,
e5613aad75bc3bad53f848ba14482c54_40d9a2a13de25a2144154017be636240,staticmode.DEFAULT_more_precision_than_staticmode.CONTEXTFLOWINSENSITIVE,,,,,
e5613aad75bc3bad53f848ba14482c54_40d9a2a13de25a2144154017be636240,staticmode.DEFAULT_more_soundness_than_staticmode.CONTEXTFLOWINSENSITIVE,,,,,
e5613aad75bc3bad53f848ba14482c54_4498bb1d3fc054a0fc88d4c7251b6623,nostatic.FALSE_more_soundness_than_nostatic.TRUE,,,,,
e5613aad75bc3bad53f848ba14482c54_489cfbd7300908def4ba6ffd50b8fc97,staticmode.DEFAULT_more_soundness_than_staticmode.NONE,,,,,
e5613aad75bc3bad53f848ba14482c54_494fa635ab5eebb8eb032cb5ee72c36f,singlejoinpointabstraction.FALSE_more_soundness_than_singlejoinpointabstraction.TRUE,,,,,
e5613aad75bc3bad53f848ba14482c54_5190cce420fdaa2f326b4413ad1267a1,maxcallbackspercomponent.100_more_soundness_than_maxcallbackspercomponent.90,,,,,
e5613aad75bc3bad53f848ba14482c54_576f28cb2fdecd79e11f6769317147e0,codeelimination.DEFAULT_more_soundness_than_codeelimination.REMOVECODE,,,,,
e5613aad75bc3bad53f848ba14482c54_5a62f42fd6beaac467dfbc0929cebd3e,pathalgo.DEFAULT_more_precision_than_pathalgo.SOURCESONLY,,,,,
e5613aad75bc3bad53f848ba14482c54_5a62f42fd6beaac467dfbc0929cebd3e,pathalgo.DEFAULT_more_soundness_than_pathalgo.SOURCESONLY,,,,,
e5613aad75bc3bad53f848ba14482c54_6e183399f2525942e91d1fee9430f23e,pathspecificresults.FALSE_more_soundness_than_pathspecificresults.TRUE,,,,,
e5613aad75bc3bad53f848ba14482c54_74518512041be47063129467a0e6b9f0,codeelimination.DEFAULT_more_precision_than_codeelimination.NONE,,,,,
e5613aad75bc3bad53f848ba14482c54_74518512041be47063129467a0e6b9f0,codeelimination.DEFAULT_more_soundness_than_codeelimination.NONE,,,,,
e5613aad75bc3bad53f848ba14482c54_88b9c57766fbe5c2e4ca74985434f304,onecomponentatatime.FALSE_more_soundness_than_onecomponentatatime.TRUE,,,,,
e5613aad75bc3bad53f848ba14482c54_a6918974b6903d0604eb1ec93cf53b80,nocallbacks.FALSE_more_soundness_than_nocallbacks.TRUE,,,,,
e5613aad75bc3bad53f848ba14482c54_ade15633ce9a78457a383392849eba4a,aplength.5_more_soundness_than_aplength.7,,,,,
e5613aad75bc3bad53f848ba14482c54_b56f9eba0516716301bb7f157e21dcfa,taintwrapper.DEFAULT_more_soundness_than_taintwrapper.NONE,,,,,
e5613aad75bc3bad53f848ba14482c54_c6553f81fb907a7da0655f468b0ced40,maxcallbacksdepth.-1_more_soundness_than_maxcallbacksdepth.600,,,,,
e5613aad75bc3bad53f848ba14482c54_ca56131a7c713fed2a7fb88ee3d7603c,aliasalgo.DEFAULT_more_precision_than_aliasalgo.LAZY,,,,,
e5613aad75bc3bad53f848ba14482c54_ca56131a7c713fed2a7fb88ee3d7603c,aliasalgo.DEFAULT_more_soundness_than_aliasalgo.LAZY,,,,,
e5613aad75bc3bad53f848ba14482c54_d227269aba2efc466eec2fd7b77dec61,onesourceatatime.FALSE_more_soundness_than_onesourceatatime.TRUE,,,,,
e5613aad75bc3bad53f848ba14482c54_de67f959377c84f91410206a10b57495,aliasalgo.DEFAULT_more_precision_than_aliasalgo.PTSBASED,,,,,
e5613aad75bc3bad53f848ba14482c54_de67f959377c84f91410206a10b57495,aliasalgo.DEFAULT_more_soundness_than_aliasalgo.PTSBASED,,,,,
e5613aad75bc3bad53f848ba14482c54_e7f54b337dda7390641ca27f4f87fd87,noexceptions.FALSE_more_soundness_than_noexceptions.TRUE,,,,,
e5613aad75bc3bad53f848ba14482c54_eca0bca8e7f8be7612a7456f5a1f68ba,aplength.5_more_precision_than_aplength.4,,,,,
e5613aad75bc3bad53f848ba14482c54_eca0bca8e7f8be7612a7456f5a1f68ba,aplength.5_more_soundness_than_aplength.4,,,,,
e66362e6a820dcc9950632071d5e337a_1ef9d1d10bc982ab49d3b8eaf4409c05,aplength.7_more_precision_than_aplength.5,,,,,
e66362e6a820dcc9950632071d5e337a_1ef9d1d10bc982ab49d3b8eaf4409c05,aplength.7_more_soundness_than_aplength.5,,,,,
e66362e6a820dcc9950632071d5e337a_52feafb54adea1ce7062b37659f2cbed,aplength.7_more_soundness_than_aplength.10,,,,,
ea94c52972095872aef6edb840d3254f_1ba6969c93355b7830005fb4242cff30,cgalgo.RTA_more_soundness_than_cgalgo.VTA,,,,,
ea94c52972095872aef6edb840d3254f_e40eaaf4447b11332912f99d4822aa46,cgalgo.RTA_more_precision_than_cgalgo.CHA,,,,,
ea94c52972095872aef6edb840d3254f_e40eaaf4447b11332912f99d4822aa46,cgalgo.RTA_more_soundness_than_cgalgo.CHA,,,,,
eb1d88b881ba723fcd805f8883679725_c35ed0b7f9c3d443ecacff168d0a98c6,onesourceatatime.TRUE_more_precision_than_onesourceatatime.FALSE,,,,,
eb1d88b881ba723fcd805f8883679725_c35ed0b7f9c3d443ecacff168d0a98c6,onesourceatatime.TRUE_more_soundness_than_onesourceatatime.FALSE,,,,,
eb5c9a72d217659ea6000edc91a6762f_dfee859627654c45aea850e4b8a49ffe,aplength.1_more_soundness_than_aplength.2,,,,,
eca0bca8e7f8be7612a7456f5a1f68ba_c911afc6bdec9ceb725e0c5526db6684,aplength.4_more_precision_than_aplength.3,,,,,
eca0bca8e7f8be7612a7456f5a1f68ba_c911afc6bdec9ceb725e0c5526db6684,aplength.4_more_soundness_than_aplength.3,,,,,
eca0bca8e7f8be7612a7456f5a1f68ba_e5613aad75bc3bad53f848ba14482c54,aplength.4_more_soundness_than_aplength.5,,,,,
ee1a1e2cf0ee9544dcb1f244038fbba1_26ecb427ba665bdb24c38529ef4e52c4,aplength.2_more_precision_than_aplength.1,,,,,
ee1a1e2cf0ee9544dcb1f244038fbba1_26ecb427ba665bdb24c38529ef4e52c4,aplength.2_more_soundness_than_aplength.1,,,,,
ee1a1e2cf0ee9544dcb1f244038fbba1_c21f0c67ecf6a56aae0f2d19a04af94d,aplength.2_more_soundness_than_aplength.3,,,,,
ee31c01ef51444b6c1bd417af9934d84_455b5a41fee3f4d1e256727f07d3f3f7,taintwrapper.DEFAULTFALLBACK_more_soundness_than_taintwrapper.NONE,,,,,
ee31c01ef51444b6c1bd417af9934d84_9e71d1dbb7f99254dd5f81811f612f41,taintwrapper.DEFAULTFALLBACK_more_soundness_than_taintwrapper.DEFAULT,,,,,
ef87836e85fb8979902cfa75211d5ab9_52feafb54adea1ce7062b37659f2cbed,aplength.20_more_precision_than_aplength.10,,,,,
ef87836e85fb8979902cfa75211d5ab9_52feafb54adea1ce7062b37659f2cbed,aplength.20_more_soundness_than_aplength.10,,,,,
efb8a98f3df7b271dd0e98e9e59eae71_658438a6b6c56a2c875d9590fe68ba7e,aplength.20_more_precision_than_aplength.10,,,,,
efb8a98f3df7b271dd0e98e9e59eae71_658438a6b6c56a2c875d9590fe68ba7e,aplength.20_more_soundness_than_aplength.10,,,,,
f1ff0eb010a92ca8e83a795537d11f57_c167cc6905f08070a40daaa496572761,nothischainreduction.TRUE_more_soundness_than_nothischainreduction.FALSE,,,,,
f57cfd203b45364d350655a71e5734b6_1ef9d1d10bc982ab49d3b8eaf4409c05,pathalgo.SOURCESONLY_more_soundness_than_pathalgo.DEFAULT,,,,,
f6175216ea0b010138190f1afc78909e_7424942ae4d65d394f77826b733201c2,maxcallbacksdepth.50_more_soundness_than_maxcallbacksdepth.1,,,,,
f6ec7b62536370c4d054958617ccde42_8c1fcc6afd7970fe46d6d4f70ff8f4d5,maxcallbackspercomponent.150_more_soundness_than_maxcallbackspercomponent.120,,,,,
f8b61c54c9120bde506ee3ea0afa9cdb_c35ed0b7f9c3d443ecacff168d0a98c6,codeelimination.NONE_more_soundness_than_codeelimination.DEFAULT,,,,,
fa8bb756d74e064b705579571680c9f2_72986742059c32f50bfd07c84d3f1139,maxcallbacksdepth.110_more_soundness_than_maxcallbacksdepth.100,,,,,
fbac6bf806b9ad448f7032532aa7553c_0879dff9dd4c64b137c6c585f2d49df7,aplength.3_more_precision_than_aplength.2,,,,,
fbac6bf806b9ad448f7032532aa7553c_0879dff9dd4c64b137c6c585f2d49df7,aplength.3_more_soundness_than_aplength.2,,,,,
fbac6bf806b9ad448f7032532aa7553c_e21d0977bf9d58fd4494766a08f03d5c,aplength.3_more_soundness_than_aplength.4,,,,,
fc02225d305bbb82ba65a2fc2d31f9c2_455b5a41fee3f4d1e256727f07d3f3f7,taintwrapper.EASY_more_soundness_than_taintwrapper.NONE,,,,,
fdee4b39feffd6d3e5aeec757c0a8465_bc4a74b2a68d07883bb33d27a8447f59,maxcallbacksdepth.120_more_soundness_than_maxcallbacksdepth.110,,,,,